{"device": "None", "x_max": 3.750098705291748, "x_min": -2.5889430046081543, "loss": 0.005732530727982521, "_timestamp": 1713369515.48961, "_runtime": 317.9625790119171, "_step": 0}