{"device": "None", "loss": -1.9491690876530265e+23, "_timestamp": 1713170141.605653, "_runtime": 48.67100405693054, "_step": 263}