{"device": "None", "loss": 0.02603110484778881, "_timestamp": 1713353297.878834, "_runtime": 133.37747311592102, "_step": 19, "x_max": 2.3119874000549316, "x_min": -1.7983975410461426}