{"device": "None", "loss": -9.217229843139648, "_timestamp": 1713176367.318065, "_runtime": 230.78357696533203, "_step": 399, "error": null, "_wandb": {"runtime": 250}}