{"device": "None", "loss": 0.0346803218126297, "_timestamp": 1713365642.206871, "_runtime": 184.80167603492737, "_step": 1, "x_max": 2.7073378562927246, "x_min": -2.852919101715088}