{"device": "None", "loss": 0.03180696442723274, "_timestamp": 1713354133.749284, "_runtime": 180.92481994628906, "_step": 23, "x_max": 2.4822447299957275, "x_min": -2.4483656883239746}