{"device": "None", "loss": -9.49556827545166, "_timestamp": 1713188458.4390578, "_runtime": 145.44505071640015, "_step": 4}