{"device": "None", "loss": -4.784458160400391, "_timestamp": 1713275870.538948, "_runtime": 3769.3471100330353, "_step": 0}