{"device": "None", "loss": 1.9437960386276245, "_timestamp": 1713352502.9655218, "_runtime": 83.24363970756531, "_step": 0}