{"device": "None", "loss": -2.34820556640625, "_timestamp": 1713193951.193242, "_runtime": 1144.2526800632477, "_step": 0}