{"device": "None", "loss": 0.01636160910129547, "_timestamp": 1713353569.094594, "_runtime": 234.48641395568848, "_step": 33, "x_max": 1.7037514448165894, "x_min": -2.0289700031280518}