{"device": "None", "loss": -2.3572001457214355, "_timestamp": 1713271055.591485, "_runtime": 125.62212896347046, "_step": 0}